{
  "ঢাকা": ["ধামরাই", "সাভার", "দোহার", "কেরানীগঞ্জ", "নবাবগঞ্জ"],
  "ফরিদপুর": [
    "ফরিদপুর সদর",
    "বোয়ালমারী",
    "আলফাডাঙ্গা",
    "মধুখালী",
    "নগরকান্দা",
    "সালথা",
    "ভাঙ্গা",
    "চর ভদ্রাসন",
    "সদরপুর"
  ],
  "রাজবাড়ী": ["রাজবাড়ী সদর", "গোয়ালন্দ", "পাংশা", "বালিয়াকান্দি", "কালুখালী"],
  "গোপালগঞ্জ": [
    "গোপালগঞ্জ সদর",
    "মুকসুদপুর",
    "কাশিয়ানী",
    "কোটালীপাড়া",
    "টুঙ্গিপাড়া"
  ],
  "মাদারীপুর": ["মাদারীপুর সদর", "শিবচর", "রাজৈর", "কালকিনি", "ডাসার"],
  "শরীয়তপুর": [
    "শরীয়তপুর সদর",
    "জাজিরা",
    "নড়িয়া",
    "ভেদরগঞ্জ",
    "ডামুড্যা",
    "গোসাইরহাট"
  ],
  "মানিকগঞ্জ": [
    "মানিকগঞ্জ সদর",
    "শিবালয়",
    "ঘিওর",
    "দৌলতপুর",
    "সাটুরিয়া",
    "সিঙ্গাইর",
    "হরিরামপুর"
  ],
  "মুন্সীগঞ্জ": [
    "মুন্সীগঞ্জ সদর",
    "শ্রীনগর",
    "লৌহজং",
    "সিরাজদিখান",
    "টংগিবাড়ী",
    "গজারিয়া"
  ],
  "গাজীপুর": ["গাজীপুর সদর", "কালিয়াকৈর", "কালীগঞ্জ", "কাপাসিয়া", "শ্রীপুর"],
  "নারায়ণগঞ্জ": [
    "নারায়ণগঞ্জ সদর",
    "বন্দর",
    "সোনারগাঁও",
    "আড়াইহাজার",
    "রূপগঞ্জ"
  ],
  "নরসিংদী": ["নরসিংদী সদর", "বেলাবো", "মনোহরদী", "শিবপুর", "রায়পুরা", "পলাশ"],
  "টাঙ্গাইল": [
    "টাঙ্গাইল সদর",
    "কালিহাতি",
    "ঘাটাইল",
    "বাসাইল",
    "গোপালপুর",
    "মির্জাপুর",
    "ভূঞাপুর",
    "নাগরপুর",
    "মধুপুর",
    "সখিপুর",
    "দেলদুয়ার",
    "ধনবাড়ী"
  ],
  "কিশোরগঞ্জ": [
    "কিশোরগঞ্জ সদর",
    "অষ্টগ্রাম",
    "ইটনা",
    "করিমগঞ্জ",
    "কটিয়াদি",
    "কুলিয়াচর",
    "তাড়াইল",
    "নিকলী",
    "পাকুন্দিয়া",
    "বাজিতপুর",
    "মিটামইন",
    "হোসেনপুর",
    "ভৈরব"
  ],
  "বরিশাল": [
    "আগৈলঝাড়া",
    "বাকেরগঞ্জ",
    "বাবুগঞ্জ",
    "বানারীপাড়া",
    "গৌরনদী",
    "হিজলা",
    "বরিশাল সদর",
    "মেহেন্দিগঞ্জ",
    "মুলাদী",
    "উজিরপুর"
  ],
  "বরগুনা": ["বরগুনা সদর", "আমতলী", "তালতলী", "পাথরঘাটা", "বেতাগি", "বামনা"],
  "ভোলা": [
    "চরফ্যাশন",
    "তজমুদ্দিন",
    "দৌলতখান",
    "বোরহানউদ্দিন",
    "ভোলা সদর",
    "মনপুরা",
    "লালমোহন"
  ],
  "ঝালকাঠি": ["কাঁঠালিয়া", "ঝালকাঠি সদর", "নলছিটি", "রাজাপুর"],
  "পটুয়াখালী": [
    "পটুয়াখালী সদর",
    "বাউফল",
    "দশমিনা",
    "গলাচিপা",
    "কলাপাড়া",
    "মির্জাগঞ্জ",
    "দুমকি",
    "রাঙ্গাবালী"
  ],
  "পিরোজপুর": [
    "কাউখালী",
    "নাজিরপুর",
    "নেছারাবাদ",
    "পিরোজপুর সদর",
    "ভান্ডারিয়া",
    "মঠবাড়িয়া",
    "ইন্দুরকানী"
  ],
  "চট্টগ্রাম": [
    "আনোয়ারা",
    "কর্ণফুলি",
    "চন্দনাইশ",
    "পটিয়া",
    "ফটিকছড়ি",
    "বাঁশখালী",
    "বোয়ালখালী",
    "মীরসরাই",
    "রাউজন",
    "রাঙ্গুনিয়া",
    "লোহাগাড়া",
    "সন্দ্বীপ",
    "সাতকানিয়া",
    "সীতাকুণ্ড",
    "হাটহাজারী"
  ],
  "কক্সবাজার": [
    "উখিয়া",
    "কক্সবাজার সদর",
    "কুতুবদিয়া",
    "চকরিয়া",
    "টেকনাফ",
    "পেকুয়া",
    "মহেশখালী",
    "রামু",
    "ঈদগাঁও"
  ],
  "বান্দরবান": [
    "বান্দরবান সদর",
    "আলিকদম",
    "থানচি",
    "নাইক্ষ্যংছড়ি",
    "রুমা",
    "রোয়াংছড়ি",
    "লামা"
  ],
  "খাগড়াছড়ি": [
    "খাগড়াছড়ি সদর",
    "দীঘিনালা",
    "পানছড়ি",
    "মহারছড়ি",
    "মাটিরাঙ্গা",
    "মানিকছড়ি",
    "রামগড়",
    "লক্ষীছড়ি",
    "গুইমারা"
  ],
  "রাঙ্গামাটি": [
    "রাঙ্গামাটি সদর",
    "কাউখালী",
    "কাপ্তাই",
    "জুরাছড়ি",
    "নানিয়াচর",
    "বরকল",
    "বাঘাইছড়ি",
    "বিলাইছড়ি",
    "রাজস্থলী",
    "লংগদু"
  ],
  "নোয়াখালী": [
    "নোয়াখালী সদর",
    "বেগমগঞ্জ",
    "চাটখিল",
    "কোম্পানীগঞ্জ",
    "হাতিয়া",
    "সেনবাগ",
    "সুবর্ণ চর",
    "সোনাইমুড়ি",
    "কবিরহাট"
  ],
  "লক্ষ্মীপুর": ["লক্ষ্মীপুর সদর", "রায়পুর", "রামগঞ্জ", "রামগতি", "কমলনগর"],
  "কুমিল্লা": [
    "কুমিল্লা সদর",
    "সদর দক্ষিণ",
    "বরুরা",
    "চান্দিনা",
    "দাউদকান্দি",
    "লাকসাম",
    "ব্রাহ্মণপাড়া",
    "বুড়িচং",
    "চৌদ্দগ্রাম",
    "দেবিদ্বার",
    "হোমনা",
    "মুরাদনগর",
    "নাঙ্গলকোট",
    "মেঘনা",
    "তিতাস",
    "মনোহরগঞ্জ",
    "লালমাই"
  ],
  "ব্রাহ্মণবাড়িয়া": [
    "ব্রাহ্মণবাড়িয়া সদর",
    "আশুগঞ্জ",
    "আখাউড়া",
    "কসবা",
    "নবীনগর",
    "নাসিরনগর",
    "বাঞ্ছারামপুর",
    "সরাইল",
    "বিজয়নগর"
  ],
  "চাঁদপুর": [
    "চাঁদপুর সদর",
    "হাজীগঞ্জ",
    "কচুয়া",
    "ফরিদগঞ্জ",
    "মতলব উত্তর",
    "মতলব দক্ষিণ",
    "হাইমচর",
    "শাহরাস্তি"
  ],
  "ফেনী": [
    "ফেনী সদর",
    "দাগনভূঁইয়া",
    "সোনাগাজী",
    "ছাগলনাইয়া",
    "পরশুরাম",
    "ফুলগাজী"
  ],
  "কুষ্টিয়া": [
    "কুষ্টিয়া সদর",
    "কুমারখালী",
    "খোকসা",
    "দৌলতপুর",
    "ভেড়ামারা",
    "মিরপুর"
  ],
  "ঝিনাইদহ": [
    "ঝিনাইদহ সদর",
    "কালীগঞ্জ",
    "কোটচাঁদপুর",
    "মহেশপুর",
    "শৈলকুপা",
    "হরিণাকুন্ডু"
  ],
  "চুয়াডাঙ্গা": ["চুয়াডাঙ্গা সদর", "আলমডাঙ্গা", "জীবননগর", "দামুড়হুদা"],
  "যশোর": [
    "যশোর সদর",
    "অভয়নগর",
    "কেশবপুর",
    "চৌগাছা",
    "ঝিকরগাছা",
    "বাঘারপাড়া",
    "মনিরামপুর",
    "শার্শা"
  ],
  "সাতক্ষীরা": [
    "সাতক্ষীরা সদর",
    "আশাশুনি",
    "কলারোয়া",
    "কালীগঞ্জ",
    "তালা",
    "দেবহাটা",
    "শ্যামনগর"
  ],
  "মাগুরা": ["মাগুরা সদর", "মোহাম্মদপুর", "শালিখা", "শ্রীপুর"],
  "মেহেরপুর": ["মেহেরপুর সদর", "গাংনী", "মুজিবনগর"],
  "নড়াইল": ["নড়াইল সদর", "কালিয়া", "লোহাগড়া"],
  "ময়মনসিংহ": [
    "ময়মনসিংহ সদর",
    "ত্রিশাল",
    "গৌরীপুর",
    "মুক্তাগাছা",
    "ফুলপুর",
    "তারাকান্দা",
    "হালুয়াঘাট",
    "ভালুকা",
    "ফুলবাড়ীয়া",
    "গফরগাঁও",
    "ঈশ্বরগঞ্জ",
    "নান্দাইল",
    "ধোবাউড়া"
  ],
  "শেরপুর": ["শেরপুর সদর", "ঝিনাইগাতী", "নকলা", "নালিতাবাড়ী", "শ্রীবরদী"],
  "জামালপুর": [
    "জামালপুর সদর",
    "বকশীগঞ্জ",
    "দেওয়ানগঞ্জ",
    "ইসলামপুর",
    "মাদারগঞ্জ",
    "মেলান্দহ",
    "সরিষাবাড়ি"
  ],
  "নেত্রকোণা": [
    "নেত্রকোণা সদর",
    "আটপাড়া",
    "বারহাট্টা",
    "দুর্গাপুর",
    "খালিয়াজুড়ি",
    "কলমাকান্দা",
    "কেন্দুয়া",
    "মদন",
    "মোহনগঞ্জ",
    "পূর্বধলা"
  ],
  "রংপুর": [
    "রংপুর সদর",
    "বদরগঞ্জ",
    "গংগাচড়া",
    "কাউনিয়া",
    "মিঠাপুকুর",
    "পীরগাছা",
    "পীরগঞ্জ",
    "তারাগঞ্জ"
  ],
  "দিনাজপুর": [
    "দিনাজপুর সদর",
    "বিরামপুর",
    "বীরগঞ্জ",
    "বোচাগঞ্জ",
    "ফুলবাড়ী",
    "চিৰিরবন্দর",
    "ঘোড়াঘাট",
    "হাকিমপুর",
    "কাহারোল",
    "খানসামা",
    "নবাবগঞ্জ",
    "পার্বতীপুর",
    "বিরল"
  ],
  "গাইবান্ধা": [
    "গাইবান্ধা সদর",
    "ফুলছড়ি",
    "গোবিন্দগঞ্জ",
    "পলাশবাড়ী",
    "সাদুল্লাপুর",
    "সাঘাটা",
    "সুন্দরগঞ্জ"
  ],
  "কুড়িগ্রাম": [
    "কুড়িগ্রাম সদর",
    "উলিপুর",
    "চর রাজিবপুর",
    "চিলমারী",
    "নাগেশ্বরী",
    "ফুলবাড়ী",
    "ভুরুঙ্গামারী",
    "রাজারহাট",
    "রৌমারী"
  ],
  "নীলফামারী": [
    "নীলফামারী সদর",
    "ডোমার",
    "ডিমলা",
    "জলঢাকা",
    "কিশোরগঞ্জ",
    "সৈয়দপুর"
  ],
  "পঞ্চগড়": ["পঞ্চগড় সদর", "দেবীগঞ্জ", "তেতুলিয়া", "আটোয়ারী", "বোদা"],
  "ঠাকুরগাঁও": [
    "ঠাকুরগাঁও সদর",
    "পীরগঞ্জ",
    "বালিয়াডাঙ্গী",
    "রানীশংকৈল",
    "হরিপুর"
  ],
  "লালমনিরহাট": [
    "লালমনিরহাট সদর",
    "আদিতমারী",
    "কালীগঞ্জ",
    "পাটগ্রাম",
    "হাতীবান্ধা"
  ],
  "রাজশাহী": [
    "রাজশাহী সদর",
    "বাঘা",
    "পুঠিয়া",
    "পবা",
    "বাগমারা",
    "তানোর",
    "মোহনপুর",
    "চারঘাট",
    "গোদাগারী",
    "দুর্গাপুর"
  ],
  "নাটোর": [
    "নাটোর সদর",
    "বাগাতিপাড়া",
    "বরাইগ্রাম",
    "গুরুদাসপুর",
    "লালপুর",
    "সিংড়া",
    "নলডাঙ্গা"
  ],
  "চাঁপাইনবাবগঞ্জ": [
    "চাঁপাইনবাবগঞ্জ সদর",
    "গোমস্তাপুর",
    "শিবগঞ্জ",
    "নাচোল",
    "ভোলাহাট"
  ],
  "জয়পুরহাট": ["জয়পুরহাট সদর", "পাঁচবিবি", "কালাই", "ক্ষেতলাল", "আকলপুর"],
  "নওগাঁ": [
    "নওগাঁ সদর",
    "পত্নীতলা",
    "ধামুরহাট",
    "মহাদেবপুর",
    "পোরশা",
    "সাপাহার",
    "বদলগাছী",
    "মান্দা",
    "নিয়ামতপুর",
    "আত্রাই",
    "রানীনগর"
  ],
  "বগুড়া": [
    "বগুড়া সদর",
    "আদমদিঘী",
    "ধুনট",
    "দুপচাঁচিয়া",
    "গাবতলী",
    "কাহালু",
    "নন্দীগ্রাম",
    "সারিয়াকান্দি",
    "শেরপুর",
    "শিবগঞ্জ",
    "সোনাতলা",
    "শাজাহানপুর"
  ],
  "পাবনা": [
    "পাবনা সদর",
    "আটঘরিয়া",
    "ঈশ্বরদী",
    "চাটমোহর",
    "ফরিদপুর",
    "বেরা",
    "ভাঙ্গুরা",
    "সাঁথিয়া",
    "সুজানগর"
  ],
  "সিরাজগঞ্জ": [
    "সিরাজগঞ্জ সদর",
    "উল্লাপাড়া",
    "কাজীপুর",
    "কামারখন্দ",
    "চৌহালি",
    "তাড়াশ",
    "বেলকুচি",
    "রায়গঞ্জ",
    "শাহজাদপুর"
  ],
  "সিলেট": [
    "সিলেট সদর",
    "দক্ষিণ সুরমা",
    "বিশ্বনাথ",
    "ওসমানীনগর",
    "বালাগঞ্জ",
    "ফেঞ্চুগঞ্জ",
    "গোলাপগঞ্জ",
    "বিয়ানীবাজার",
    "জকিগঞ্জ",
    "কানাইঘাট",
    "জৈন্তাপুর",
    "গোয়াইনঘাট",
    "কোম্পানীগঞ্জ"
  ],
  "সুনামগঞ্জ": [
    "সুনামগঞ্জ সদর",
    "বিশ্বম্ভরপুর",
    "তাহিরপুর",
    "মধ্যনগর",
    "ধর্মপাশা",
    "জামালগঞ্জ",
    "শান্তিগঞ্জ",
    "দোয়ারাবাজার",
    "ছাতক",
    "জগন্নাথপুর",
    "দিরাই",
    "শাল্লা"
  ],
  "হবিগঞ্জ": [
    "হবিগঞ্জ সদর",
    "নবীগঞ্জ",
    "বাহুবল",
    "চুনারুঘাট",
    "শ্যায়েস্তাগঞ্জ",
    "মাধবপুর",
    "লাখাই",
    "বানিয়াচং",
    "আজমিরীগঞ্জ"
  ],
  "মৌলভীবাজার": [
    "মৌলভীবাজার সদর",
    "রাজনগর",
    "শ্রীমঙ্গল",
    "কোমলগঞ্জ",
    "কুলাউড়া",
    "জুড়ী",
    "বড়লেখা"
  ]
}
